<?xml version="1.0" encoding="UTF-8"?>
<project-private xmlns="http://www.netbeans.org/ns/project-private/1">
    <editor-bookmarks xmlns="http://www.netbeans.org/ns/editor-bookmarks/2" lastBookmarkId="0"/>
    <open-files xmlns="http://www.netbeans.org/ns/projectui-open-files/2">
        <group>
            <file>file:/D:/NEU%20Assignment/Last%20Year/NetBeansProjects/NetBeansProjects/Assignment3_TravelAgency/src/UserInterface/ManagerInterface/ManageAirlinersJPanel.java</file>
            <file>file:/D:/NEU%20Assignment/Last%20Year/NetBeansProjects/NetBeansProjects/Assignment3_TravelAgency/src/Business/AirlinerDirectory.java</file>
            <file>file:/D:/NEU%20Assignment/Last%20Year/NetBeansProjects/NetBeansProjects/Assignment3_TravelAgency/src/UserInterface/ManagerInterface/ViewAirlinerJPanel.java</file>
        </group>
    </open-files>
</project-private>
